{"GPT-4.1-mini": {"0.0": 4.733091771537984, "0.1": 4.8496123564510585, "0.2": 4.983883598787597, "0.30000000000000004": 5.1403562500803615, "0.4": 5.325092382108985, "0.5": 5.546538476179402, "0.6000000000000001": 5.816796251733244, "0.7000000000000001": 6.15380166121781, "0.8": 6.585251883886608, "0.9": 7.156118537151233, "1.0": 7.944065643365367}, "GPT-4.1": {"0.0": 5.3420244006700415, "0.1": 5.498935265981113, "0.2": 5.683515508833688, "0.30000000000000004": 5.903927614530559, "0.4": 6.171889205146224, "0.5": 6.504828095929467, "0.6000000000000001": 6.929770371389454, "0.7000000000000001": 7.490767611595902, "0.8": 8.264128185271952, "0.9": 9.392717444946287, "1.0": 11.174215105240062}, "GPT-5-mini (low)": {"0.0": 4.937839816732888, "0.1": 5.047871826061292, "0.2": 5.173245713202914, "0.30000000000000004": 5.31752237821898, "0.4": 5.485462748945238, "0.5": 5.68356400872836, "0.6000000000000001": 5.920909513598633, "0.7000000000000001": 6.210553905912037, "0.8": 6.571841268588682, "0.9": 7.034386855878655, "1.0": 7.645088057180769}, "GPT-5-mini (med)": {"0.0": 5.278909659495462, "0.1": 5.417779644884997, "0.2": 5.579716088669769, "0.30000000000000004": 5.771084883896652, "0.4": 6.000848984416829, "0.5": 6.282022266507256, "0.6000000000000001": 6.634194691561458, "0.7000000000000001": 7.088136948635064, "0.8": 7.6946628585488295, "0.9": 8.542721286182454, "1.0": 9.798669571123558}, "GPT-5-mini (high)": {"0.0": 5.523224284918827, "0.1": 5.687530215936202, "0.2": 5.881072738562839, "0.30000000000000004": 6.112818351359093, "0.4": 6.395957062993659, "0.5": 6.750798628570334, "0.6000000000000001": 7.210452280375911, "0.7000000000000001": 7.833052572886556, "0.8": 8.731505808292988, "0.9": 10.158791939140453, "1.0": 12.812743753969734}, "GPT-5 (med)": {"0.0": 6.0945363563821315, "0.1": 6.293614162391891, "0.2": 6.529511153473456, "0.30000000000000004": 6.813910712123506, "0.4": 7.164068648005107, "0.5": 7.606629943269866, "0.6000000000000001": 8.185227394987457, "0.7000000000000001": 8.9772826324767, "0.8": 10.137081179877358, "0.9": 12.034078734819577, "1.0": 15.926544746983716}, "Claude-3-Haiku": {"0.0": 3.116599501000744, "0.1": 3.1553421901676213, "0.2": 3.1978616021621007, "0.30000000000000004": 3.244810063023019, "0.4": 3.2969624901629158, "0.5": 3.355245936295321, "0.6000000000000001": 3.4207770559582453, "0.7000000000000001": 3.4949087099346103, "0.8": 3.579286924874985, "0.9": 3.6759194278895224, "1.0": 3.787256978838289}, "Claude-Haiku-4.5 (low)": {"0.0": 3.787077411115884, "0.1": 3.853686189171666, "0.2": 3.928403782624302, "0.30000000000000004": 4.012878283359056, "0.4": 4.109224517989328, "0.5": 4.22018855703148, "0.6000000000000001": 4.349389041851505, "0.7000000000000001": 4.501689399860931, "0.8": 4.683808424745062, "0.9": 4.905394477014861, "1.0": 5.181053060779183}, "Claude-Haiku-4.5 (med)": {"0.0": 4.0286323846580006, "0.1": 4.103555158032698, "0.2": 4.187842396417138, "0.30000000000000004": 4.28342121474874, "0.4": 4.392707614600067, "0.5": 4.518782961634513, "0.6000000000000001": 4.665660025643185, "0.7000000000000001": 4.838712820449317, "0.8": 5.045458395818777, "0.9": 5.297253443615297, "1.0": 5.613890304898205}, "Claude-Haiku-4.5 (high)": {"0.0": 4.03196911949937, "0.1": 4.106143186529002, "0.2": 4.190306356714892, "0.30000000000000004": 4.286584698116446, "0.4": 4.397731130424706, "0.5": 4.527381008770264, "0.6000000000000001": 4.680425473811106, "0.7000000000000001": 4.863570330326007, "0.8": 5.086205407212308, "0.9": 5.361820826981487, "1.0": 5.710420408009029}, "Qwen3-30B-Instruct": {"0.0": 3.974886888995749, "0.1": 4.067585144171385, "0.2": 4.175855384032409, "0.30000000000000004": 4.30411982121221, "0.4": 4.458686689876635, "0.5": 4.648893735124876, "0.6000000000000001": 4.889224945921939, "0.7000000000000001": 5.2035628654555435, "0.8": 5.634692789419091, "0.9": 6.26889173491107, "1.0": 7.314358017856016}, "Qwen/Qwen3-32B (16k)": {"0.0": 3.98161006062619, "0.1": 4.048163500314099, "0.2": 4.122819972825317, "0.30000000000000004": 4.207126985523411, "0.4": 4.303043094621426, "0.5": 4.41307341525169, "0.6000000000000001": 4.5404568654942645, "0.7000000000000001": 4.689429593272869, "0.8": 4.865610716667693, "0.9": 5.076614256873407, "1.0": 5.333149384507405}, "Qwen/Qwen3-32B (32k)": {"0.0": 3.992842328408185, "0.1": 4.058387147452162, "0.2": 4.1323790018172275, "0.30000000000000004": 4.216530571405219, "0.4": 4.3130356895538355, "0.5": 4.424717485628122, "0.6000000000000001": 4.555224574946011, "0.7000000000000001": 4.709294814763983, "0.8": 4.893116747800912, "0.9": 5.114834784690709, "1.0": 5.38526722343529}, "Olmo-3.1-32B-Instruct": {"0.0": 3.1845071231805404, "0.1": 3.236131773599273, "0.2": 3.294831323923245, "0.30000000000000004": 3.362127898921961, "0.4": 3.4400159988546095, "0.5": 3.5311591550385715, "0.6000000000000001": 3.6391951147295702, "0.7000000000000001": 3.769224640417025, "0.8": 3.9286154900914108, "0.9": 4.128348773844004, "1.0": 4.385290819843656}, "Olmo-3.1-32B-Think (16k)": {"0.0": 4.036470707547268, "0.1": 4.104599295473695, "0.2": 4.181396877552062, "0.30000000000000004": 4.268529730780963, "0.4": 4.3682348274614595, "0.5": 4.483642925433118, "0.6000000000000001": 4.619359377575168, "0.7000000000000001": 4.78255685016412, "0.8": 4.985105446881461, "0.9": 5.2478277175968895, "1.0": 5.609128319045821}, "Olmo-3.1-32B-Think (32k)": {"0.0": 4.131232113889785, "0.1": 4.205103968552037, "0.2": 4.288940810722107, "0.30000000000000004": 4.385012836986666, "0.4": 4.496369804331719, "0.5": 4.627216820740066, "0.6000000000000001": 4.7835542000999, "0.7000000000000001": 4.974319544255018, "0.8": 5.2134997898201085, "0.9": 5.524114782103282, "1.0": 5.945762861410654}, "Gemini-3-pro": {"0.0": 5.868407997790937, "0.1": 6.04565335467683, "0.2": 6.254242418808532, "0.30000000000000004": 6.503424034798084, "0.4": 6.806416874570115, "0.5": 7.182730959675524, "0.6000000000000001": 7.662295674683944, "0.7000000000000001": 8.293218017275063, "0.8": 9.157426007548704, "0.9": 10.405307978871003, "1.0": 12.342214930359487},"GPT-5.4": {
    "0.1": 6.278595642706733,
    "0.2": 6.5156175960138745,
    "0.3": 6.801388493177243,
    "0.4": 7.153373107343541,
    "0.5": 7.59867750151706,
    "0.6": 8.181942563023876,
    "0.7": 8.982796807967524,
    "0.8": 10.160313019214621,
    "0.9": 12.0921444312339,
    "1.0": 15.982378143399696
  },
  "Gemini-3.1-Pro-Preview": {
    "0.1": 5.713758705331118,
    "0.2": 5.903507734484116,
    "0.3": 6.126683022031206,
    "0.4": 6.392157997302876,
    "0.5": 6.712247465754449,
    "0.6": 7.104446237332645,
    "0.7": 7.594297142150501,
    "0.8": 8.22024723566713,
    "0.9": 9.042148122831923,
    "1.0": 10.156753355509615
  },
  "Claude-Sonnet-4.6": {
    "0.1": 6.492369309370772,
    "0.2": 6.760690573376512,
    "0.3": 7.086960095398966,
    "0.4": 7.492971691649288,
    "0.5": 8.013074225323564,
    "0.6": 8.70466949963602,
    "0.7": 9.671166385247684,
    "0.8": 11.118126780913482,
    "0.9": 13.512354410984575,
    "1.0": 18.165832870947025
  }
}